vanillajsonResponse	transformJsonResponds
"{
            ""id"": ""ICRWCL46WHFD2Y7RYZ6MLIKABLKC6W66K36WM45GGXDHP7CCWBNQ"",
            ""block_id"": ""O2YPY5BDX6TS3MIRZ5HANDOGBRW5WLVP7KTLMXXYNYTBBDQWJ5YQ"",
            ""date"": 1707938541,
            ""status"": ""completed"",
            ""num_events"": 2,
            ""meta"": {
                ""index"": 4,
                ""note"": ""Q29ubmVjdGl2aXR5IENoZWNrIGZvciBFQzo4RTpCNTo2RDpFQjo5OA==""
            },
            ""block_number"": 36136731,
            ""events"": [
                {
                    ""id"": ""ICRWCL46WHFD2Y7RYZ6MLIKABLKC6W66K36WM45GGXDHP7CCWBNQ-fee"",
                    ""transaction_id"": ""ICRWCL46WHFD2Y7RYZ6MLIKABLKC6W66K36WM45GGXDHP7CCWBNQ"",
                    ""type"": ""fee"",
                    ""denomination"": ""ALGO"",
                    ""source"": ""J2QENDSOXGU6RCJMKLG6MT2GOL7PRUAHGQP7FLGG6SIQ2OVUJQOUG6M4ZY"",
                    ""destination"": ""fees"",
                    ""date"": 1707938541,
                    ""amount"": 1000,
                    ""decimals"": 6
                },
                {
                    ""id"": ""ICRWCL46WHFD2Y7RYZ6MLIKABLKC6W66K36WM45GGXDHP7CCWBNQ-asset_transfer"",
                    ""transaction_id"": ""ICRWCL46WHFD2Y7RYZ6MLIKABLKC6W66K36WM45GGXDHP7CCWBNQ"",
                    ""type"": ""transfer"",
                    ""denomination"": ""algorand/asset/924268058"",
                    ""source"": ""J2QENDSOXGU6RCJMKLG6MT2GOL7PRUAHGQP7FLGG6SIQ2OVUJQOUG6M4ZY"",
                    ""destination"": ""DSOPUQC7P5WO3C32HKZONPW4MMBEQ6FGAN456PNG4A4HTRE322ZMMIK6S4"",
                    ""meta"": {
                        ""currency"": {
                            ""asset_path"": ""algorand/asset/924268058"",
                            ""symbol"": ""FRY"",
                            ""name"": ""FrysCrypto"",
                            ""decimals"": 6,
                            ""type"": ""token"",
                            ""detail"": {
                                ""type"": ""asset"",
                                ""id"": ""924268058"",
                                ""creator"": ""V6SGZIWO6OAKUTKERDUFACQBPXMGPCNGEYMUANHRZA475YONW5B4BBLVL4""
                            }
                        }
                    },
                    ""date"": 1707938541,
                    ""amount"": 0,
                    ""decimals"": 6
                }
            ]
        },"
